/* BẢNG NHÂN VIÊN */

CREATE TABLE NhanVien(
    MaNV VARCHAR(50) NOT NULL PRIMARY KEY,
	TenNV VARCHAR(50) NOT NULL,
	GT VARCHAR(5),
	Gmail VARCHAR(50),
	DiaChi TEXT NOT NULL,
	Luong DECIMAL(10,2),
	SDT VARCHAR(15) UNIQUE
);

SELECT*FROM NhanVien
INSERT INTO NhanVien (MaNV, TenNV, GT, Gmail, DiaChi, Luong, SDT)
VALUES
('NV001', 'Jessica Jung', 'Nu', 'nva@gmail.com', 'Thai Binh', 6500.00, '0987654321'),
('NV002', 'Im Yoona', 'Nu', 'ttb@gmail.com', 'Ha Noi', 5300.00, '0912345678'),
('NV003', 'Lee Sunny', 'Nam', 'lvc@gmail.com', 'Ha Giang', 4200.00, '0977777777'),
('NV004', 'Kim Taeyeon', 'Nam', 'ptd@gmail.com', 'Thai Binh', 4100.00, '0966666666'),
('NV005', 'Tiffany Young', 'Nu', 'tve@gmail.com', 'Da Nang', 5100.00, '0944444444'),
('NV006', 'Kim Seohyun', 'Nu', 'ltf@gmail.com', 'Nghe An', 3600.00, '0922222222'),
('NV007', 'Choi Sooyoung', 'Nam', 'nvg@gmail.com', 'Sai Gon', 3300.00, '0933333333'),
('NV008', 'Kwon Yuri', 'Nu', 'tth@gmail.com', 'Quang Ninh', 4200.00, '0999999999'),
('NV009', 'Kim Hyoyeon', 'Nu', 'lvi@gmail.com', 'Son La', 2700.00, '0955555555');


/* BẢNG KHÁCH HÀNG */

CREATE TABLE KhachHang(
    MaKH VARCHAR(50) NOT NULL PRIMARY KEY,
	TenKH VARCHAR(50) NOT NULL,
	GT VARCHAR(5),
	DiaChi TEXT NOT NULL,
	SDT VARCHAR(15) UNIQUE
);

SELECT*FROM KhachHang
INSERT INTO KhachHang (MaKH, TenKH, GT, DiaChi, SDT) 
VALUES
('KH001', 'Le Ngoc Ha', 'Nu', 'Thai Binh', '0386611709'),
('KH002', 'Nguyen Thi Linh Chi', 'Nu', 'Nghe An', '0399693613'),
('KH003', 'Vu Thi Nhu Quynh', 'Nu', 'Thai Binh', '0912385678'),
('KH004', 'Dao Thi Hien Thao', 'Nu', 'Ha Noi', '0978129456'),
('KH005', 'Le Anh Thai', 'Nam', 'Ha Nam', '0965432178'),
('KH006', 'Doan Ngoc Han', 'Nu', 'Binh Thuan', '0998765432'),
('KH007', 'Le Duc Thinh', 'Nam', 'TP HCM', '0987223456'),
('KH008', 'Le Thi Thuy Trang', 'Nu', 'Hai Duong', '0965432768'),
('KH009', 'Dinh Hong Ngoc', 'Nu', 'Binh Duong', '0932223456'),
('KH010', 'Le Thanh Hung', 'Nam', 'Ha Noi', '0943754311'),
('KH011', 'Doan Hoa Ky', 'Nu', 'Quang Nam', '0938765232'),
('KH012', 'Dao Thi Mai', 'Nu', 'Thai Binh', '0921123056'),
('KH013', 'Dang Ngoc Mai', 'Nu', 'Cao Bang', '0923065432'),
('KH014', 'Nguyen Truong Giang', 'Nam', 'Vinh Phuc', '0919123056'),
('KH015', 'Vu Van Huy', 'Nam', 'Nam Dinh', '0910987604'),
('KH016', 'Tran Nhat Huy', 'Nam', 'Ca Mau', '0976133426'),
('KH017', 'Pham Thi Duyen', 'Nu', 'Vinh Phuc', '0912341235'),
('KH018', 'Pham Van Hung', 'Nam', 'Ha Giang', '0965432987'),
('KH019', 'Hoang Thanh Huy', 'Nam', 'Gia Lai', '0912355671'),
('KH020', 'Pham Khanh Van', 'Nu', 'Ha Giang', '0987654329'),
('KH021', 'Tran Dinh Khoa', 'Nam', 'Ha Nam', '0945123056'),
('KH022', 'Dinh Thi Thuy Linh', 'Nu', 'Ha Tinh', '0932775432'),
('KH023', 'Pham Dinh Minh', 'Nam', 'Hai Duong', '0912349976'),
('KH024', 'Dang Thi Kim Lien', 'Nu', 'Hau Giang', '0965492167'),
('KH025', 'Nguyen Long Hoang', 'Nam', 'Hoa Binh', '0976214456'),
('KH026', 'Tran Thu Phuong', 'Nu', 'Hung Yen', '0908265432'),
('KH027', 'Le A Quan', 'Nam', 'Khanh Hoa', '0987654322'),
('KH028', 'Pham Quynh Quynh', 'Nu', 'Kien Giang', '0912345673'),
('KH029', 'Hoang Nguyen Cong To', 'Nam', 'Kon Tum', '0920654321'),
('KH030', 'Nguyen Thi San', 'Nu', 'Lai Chau', '0912765432'),
('KH031', 'Trinh Tuan Tai', 'Nam', 'Lam Dong', '0988765432'),
('KH032', 'Le Tu Uyen', 'Nu', 'Lang Son', '0909810556'),
('KH033', 'Pham Ngoc Chau', 'Nam', 'Lao Cai', '0916718765'),
('KH034', 'Ha Chau Anh', 'Nu', 'Long An', '0923123446'),
('KH035', 'Truong Dinh Nam', 'Nam', 'Nam Dinh', '0976673456'),
('KH036', 'Tran Thi Dieu Thao', 'Nu', 'Nghe An', '0987708450'),
('KH037', 'Le Huy Hung', 'Nam', 'Ninh Binh', '0965432980'),
('KH038', 'Mai Thi Thanh Binh', 'Nu', 'Ninh Thuan', '0943154320'),
('KH039', 'Hoang Van Cuong', 'Nam', 'Phu Tho', '0912345678'),
('KH040', 'Nguyen Thao Trang', 'Nu', 'Phu Yen', '0987111321'),
('KH041', 'Phan Tien Khue', 'Nam', 'Quang Binh', '0986213456'),
('KH042', 'Le Ha Thao My', 'Nu', 'Quang Nam', '0908760432'),
('KH043', 'Nguyen Khac Duy', 'Nam', 'Quang Ngai', '0987123456'),
('KH044', 'Hoang Moc Thao', 'Nu', 'Quang Ninh', '095005678'),
('KH045', 'Nguyen Chi Trung', 'Nam', 'Quang Tri', '0987654101'),
('KH046', 'Tran Kim Thanh', 'Nam', 'Soc Trang', '0976242056'),
('KH047', 'Dao Le Nhu Y', 'Nu', 'Son La', '0965432988'),
('KH048', 'Pham Minh Sang', 'Nam', 'Tay Ninh', '0923123456'),
('KH049', 'Hoang Nhat An', 'Nu', 'Thai Binh', '0943651721'),
('KH050', 'Nguyen Huyen Mai', 'Nam', 'Thai Nguyen', '0932765432');


/* BẢNG NHÀ CUNG CẤP */

CREATE TABLE NhaCungCap(
    MaNCC VARCHAR(50) NOT NULL PRIMARY KEY,
	TenNCC VARCHAR(100) NOT NULL,
	Gmail VARCHAR(50) UNIQUE,
	DiaChi TEXT NOT NULL,
	SDT VARCHAR(15) UNIQUE
);

SELECT*FROM NhaCungCap
INSERT INTO NhaCungCap (MaNCC, TenNCC, Gmail, DiaChi, SDT)
VALUES
('NCC001', 'Nha cung cap thuoc Haa Le', 'haalepharma@gmail.com', '122 Quan Ba Dinh, Ha Noi', '0901578967'),
('NCC002', 'Nha phan phoi thuoc Minh Chau', 'minhchaupharma@gmail.com', '456 Duong Nguyen Van Linh, Ha Noi', '0987544871'),
('NCC003', 'Nha cung cap thuoc Truong An', 'truonganpharma@gmail.com', '789 Duong Tran Phu, Thai Binh', '0990476214'),
('NCC004', 'Cong ty duoc pham Huong Sen', 'huongsenpharma@gmail.com', '321 Duong Hoang Dieu, Hai Phong', '0923456789'),
('NCC005', 'Cong ty duoc pham thuoc Ha Thanh', 'hathanhpharma@gmail.com', '654 Duong Tran Hung Dao, Ha Noi', '0934567890'),
('NCC006', 'Doanh nghiep thuoc Chi Khi', 'chikhipharma@gmail.com', '456 Duong Phan Dinh Phung, Ha Noi', '0945678901'),
('NCC007', 'He thong phan phoi thuoc Kim Long', 'kimlongpharma@gmail.com', '789 Duong Ly Thai To, TP Ho Chi Minh', '0956789012'),
('NCC008', 'Nha phoi phoi duoc pham Binh Minh', 'binhminhpharma@gmail.com', '321 Duong Hoang Hoa Tham, Ha Noi', '0967890113'),
('NCC009', 'Cong ty san xuat thuoc Sao Mai', 'saomaipharma@gmail.com', '654 Duong Thuy Khe, Ha Noi', '0978901234'),
('NCC010', 'Nha phan phoi thuoc chinh hang Ha Nhi', 'hanhipharma@gmail.com', '987 Duong Le Duan, TP Ho Chi Minh', '0989078245');


/* BẢNG DANH MỤC */

CREATE TABLE DanhMuc(
    MaDanhMuc VARCHAR(50) NOT NULL PRIMARY KEY,
	TenDanhMuc VARCHAR(100) NOT NULL
);

SELECT*FROM DanhMuc
INSERT INTO DanhMuc (MaDanhMuc, TenDanhMuc) 
VALUES
('DM001', 'Thuoc danh cho tre em'),
('DM002', 'Thuoc danh cho nguoi lon'),
('DM003', 'Thuoc danh cho ba bau'),
('DM004', 'Thuoc danh cho nguoi gia'),
('DM005', 'Thuoc giam dau'),
('DM006', 'Thuoc boi ngoai da'),
('DM007', 'Thuoc chong di ung'),
('DM008', 'Thuoc ha sot'),
('DM009', 'Thuoc tri ho'),
('DM010', 'Thuoc dieu tri tieu duong'),
('DM011', 'Thuoc chong co giat'),
('DM012', 'Thuoc tri roi loan tieu hoa'),
('DM013', 'Thuoc tri tim mach'),
('DM014', 'Thuoc chong tram cam'),
('DM015', 'Thuoc bo sung cho mat'),
('DM016', 'Thuoc tri benh gan'),
('DM017', 'Thuoc tri benh than'),
('DM018', 'Thuoc tri rang mieng'),
('DM019', 'Thuc pham chuc nang'),
('DM020', 'Thuoc bo sung cho nao');


/* BẢNG THUỐC */

CREATE TABLE Thuoc(
    MaThuoc VARCHAR(50) NOT NULL PRIMARY KEY,
	TenThuoc VARCHAR(50) NOT NULL,
	GiaBan DECIMAL(10,2) NOT NULL,
	NSX DATE NOT NULL,
	HSD DATE NOT NULL,
	SoLuongThuocCon INT NOT NULL,
	CongDung VARCHAR(100),
	DVT VARCHAR(10) NOT NULL,
	MaNCC VARCHAR(50) NOT NULL FOREIGN KEY REFERENCES NhaCungCap(MaNCC),
	MaDanhMuc VARCHAR(50) NOT NULL FOREIGN KEY REFERENCES DanhMuc(MaDanhMuc)
);

SELECT*FROM Thuoc
INSERT INTO Thuoc (MaThuoc, TenThuoc, GiaBan, NSX, HSD, SoLuongThuocCon, CongDung, DVT, MaNCC, MaDanhMuc) 
VALUES
('TH001', 'Paracetamol', 12.50, '2023-01-15', '2024-01-15', 100, 'Giam dau, ha sot, bot cang thang, met moi', 'Vien', 'NCC001', 'DM008'),
('TH002', 'Vitamin C', 15.75, '2023-02-10', '2024-02-10', 80, 'Bo sung vitamin C, chong lao hoa, dep da', 'Vien', 'NCC005', 'DM019'),
('TH003', 'Aspirin', 8.20, '2023-03-22', '2024-03-22', 120, 'Ngan ngua tai bien mach mao nao', 'Vien','NCC002', 'DM020'),
('TH004', 'Bo phe Nam Ha', 5.60, '2023-04-11', '2024-04-11', 150, 'Dieu tri ho khan, rat hong, so mui', 'Chai', 'NCC006', 'DM009'),
('TH005', 'Hoat huyet nhat nhat', 10.30, '2023-05-18', '2025-05-18', 90, 'Tang cuong tuan hoan mau, giam stress', 'Vien', 'NCC001', 'DM020'),
('TH006', 'Kem danh rang P/S', 7.80, '2023-05-12', '2024-06-12', 110, 'Loai bo mang bam tren rang mieng, tao hoi tho thom tho', 'Tuyp', 'NCC002','DM018'),
('TH007', 'Vomina 50', 9.50, '2023-01-20', '2024-07-20', 70, 'Chong say xe, non mua, chong mat', 'Vien',  'NCC009', 'DM005'),
('TH008', 'Philatop', 14.30, '2023-01-28', '2025-08-28', 60, 'Bo sung chat dam', 'Vien', 'NCC001', 'DM019'),
('TH009', 'Thuoc ho Ich Nhi', 11.20, '2023-01-25', '2024-09-25', 80, 'Dieu tri ho cho tre em', 'Chai', 'NCC002', 'DM001'),
('TH010', 'Siro Ich Nhi', 6.90, '2023-01-14', '2024-10-14', 120, 'Kich thich them an, an ngon hon', 'Chai', 'NCC001', 'DM001'),
('TH011', 'Donagen', 8.80, '2023-02-19', '2024-11-19', 100, 'Cai thien chung bien an cua tre', 'Ong', 'NCC007',  'DM001'),
('TH012', 'Wit', 10.70, '2023-02-05', '2024-12-05', 90, 'Bo mat, sang mat', 'Vien','NCC010', 'DM015'),
('TH013', 'V.Rhto', 13.40, '2023-02-10', '2025-01-10', 70, 'Giam kho, rat mat, rua sach bui ban trong mat', 'Lo','NCC008',  'DM015'),
('TH014', 'Hong Sam Linh Chi', 6.50, '2023-02-20', '2025-02-20', 120, 'Tang suc de khang, thanh loc co the', 'Goi', 'NCC001', 'DM004'),
('TH015', 'Dr.Best', 8.90, '2023-03-15', '2025-03-15', 100, 'Cai thien tri nho, ngan ngua thoai hoa', 'Goi','NCC003', 'DM004'),
('TH016', 'Otiv', 14.20, '2023-04-25', '2025-04-25', 80, 'Giam dau dau, cai thien giac ngu', 'Vien','NCC006', 'DM004'),
('TH017', 'Centrum Silver Ultra Women', 11.60, '2023-05-30', '2025-05-30', 90, 'Ho tro tim, bo sung canxi', 'Vien','NCC003', 'DM002'),
('TH018', 'One A Day Men', 18.50, '2023-06-08', '2025-06-08', 60, 'Cung cap vitamin, khoang chat', 'Vien', 'NCC009', 'DM002'),
('TH019', 'Elevit', 21.80, '2023-07-12', '2025-07-12', 70, 'Cung cap duong chat cho phu nu mang thai', 'Vien', 'NCC001', 'DM003'),
('TH020', 'Bona', 16.70, '2023-03-19', '2025-08-19', 100, 'Giam can, giu dang', 'Vien', 'NCC003', 'DM019'),
('TH021', 'Vien uong DHC', 24.30, '2023-03-27', '2025-09-27', 50, 'Bo sung vitamin, chat xo', 'Vien','NCC005', 'DM019'),
('TH022', 'Codeine', 20.80, '2023-02-05', '2025-10-05', 70, 'Giam dau vua va ho khan', 'Vien', 'NCC004',  'DM009'),
('TH023', 'Tramadol', 19.60, '2023-01-10', '2025-11-10', 80, 'Giam dau vua va nhe', 'Vien','NCC007',  'DM005'),
('TH024', 'Methadone', 22.40, '2023-01-12', '2025-12-12', 60, 'Giam trieu chung cai nghien', 'Vien', 'NCC009', 'DM002'),
('TH025', 'Warfarin', 17.90, '2023-01-18', '2025-01-18', 90, 'Dung de kiem che huyet khoi', 'Vien','NCC008',  'DM010'),
('TH026', 'Clopidogrel', 25.50, '2023-02-22', '2024-02-22', 50, 'Han che tieu duong', 'Vien','NCC002', 'DM010'),
('TH027', 'Atorvastatin', 31.20, '2023-03-30', '2024-03-30', 70, 'Giam cholesterol mau', 'Vien', 'NCC005', 'DM010'),
('TH028', 'Metoprolol', 29.10, '2023-04-14', '2024-04-14', 80, 'Kiem soat tang huyet ap', 'Vien','NCC009', 'DM010'),
('TH029', 'Bioderma', 36.80, '2023-05-20', '2024-05-20', 60, 'Cham soc da, lam sach da, ngan mun', 'Chai','NCC004', 'DM019'),
('TH030', 'Klenzit', 40.20, '2023-01-25', '2024-06-25', 70, 'Giam tham mun, gom coi mun', 'Tuyp', 'NCC006','DM006'),
('TH031', 'Megadou', 28.90, '2023-02-28', '2024-07-28', 90, 'Ngan ngua mun, tranh mun tham do', 'Tuyp','NCC002', 'DM006'),
('TH032', 'Ranitidine', 24.70, '2023-05-05', '2024-08-05', 100, 'Dung giam loet da day', 'Vien', 'NCC009', 'DM012'),
('TH033', 'Famotidine', 26.50, '2023-02-10', '2024-09-10', 80, 'Giam trieu chung loet', 'Vien', 'NCC005', 'DM012'),
('TH034', 'Ich Than Vuong', 21.40, '2023-02-15', '2024-10-15', 90, 'Cai thien chuc nang than', 'Chai', 'NCC004',  'DM017'),
('TH035', 'Bo Than PV', 25.80, '2023-01-20', '2025-11-20', 70, 'Cai thien chuc nang than', 'Chai','NCC009',  'DM017'),
('TH036', 'Metoclopramide', 14.90, '2023-06-08', '2025-12-08', 120, 'Giam triu chung buon non', 'Vi', 'NCC007',  'DM005'),
('TH037', 'Erythromycin', 10.20, '2023-01-10', '2025-01-10', 100, 'Dieu tri nhiem khuan', 'Vien', 'NCC002', 'DM012'),
('TH038', 'Giai doc gan Nam Duoc', 17.50, '2023-02-14', '2024-02-14', 80, 'Mat gan, giai doc gan', 'Chai', 'NCC003', 'DM016'),
('TH039', 'Stablon', 13.40, '2023-03-25', '2024-03-25', 90, 'Giam tram cam, stress, suy nghi tieu cuc', 'Hop', 'NCC008',  'DM014'),
('TH040', 'Zoloft', 18.60, '2023-04-12', '2025-04-12', 70, 'Giam roi loan lo au', 'Vi', 'NCC010','DM014'),
('TH041', 'Depakine', 11.90, '2023-05-18', '2025-05-18', 100, 'Tranh dong kinh, co giat', 'Lo', 'NCC008', 'DM015'),
('TH042', 'Prednisone', 14.30, '2023-03-22', '2024-06-22', 80, 'Giam viem va di ung', 'Vien', 'NCC002', 'DM007'),
('TH043', 'Ascorbic Acid', 8.70, '2023-05-30', '2024-07-30', 120, 'Bo sung vitamin C', 'Vien', 'NCC006','DM019'),
('TH044', 'Vitamin D3 1000IU', 12.40, '2023-02-14', '2025-08-14', 100, 'Bo dung vitamin D', 'Hop', 'NCC010', 'DM019'),
('TH045', 'Hapacol', 9.80, '2023-02-22', '2025-04-22', 110, 'Ha sot, giam dau', 'Goi', 'NCC001', 'DM008'),
('TH046', 'Efferalgan', 7.50, '2023-02-05', '2024-05-05', 130, 'Ha sot, giam dau dau', 'Vien', 'NCC010', 'DM008'),
('TH047', 'Ibuprofen', 16.20, '2023-01-10', '2025-11-10', 80, 'Giam viem va dau nhe', 'Vien', 'NCC001', 'DM005'),
('TH048', 'Naproxen', 14.80, '2023-12-15', '2025-12-15', 90, 'Giam viem va dau nhe', 'Vien','NCC010',  'DM005'),
('TH049', 'Acetaminophen 325mg', 9.60, '2023-01-20', '2024-01-20', 100, 'Giam dau va ha sot', 'Vien', 'NCC010', 'DM008'),
('TH050', 'Diclofenac 50mg', 12.70, '2023-02-28', '2025-02-28', 70, 'Giam viem va dau nhe', 'Vien','NCC010', 'DM008');


/* BẢNG HOÁ ĐƠN */

CREATE TABLE HoaDon(
    MaHD VARCHAR(50) NOT NULL PRIMARY KEY,
	MaNV VARCHAR(50) NOT NULL FOREIGN KEY REFERENCES NhanVien(MaNV),
	MaKH VARCHAR(50) NOT NULL FOREIGN KEY REFERENCES KhachHang(MaKH),
	NgayBan DATE NOT NULL,
	TongGia DECIMAL(10,2) NOT NULL
);

SELECT*FROM HoaDon
INSERT INTO HoaDon (MaHD, MaNV, MaKH, NgayBan, TongGia) 
VALUES
('HD001', 'NV001', 'KH001', '2023-01-05', 150.00),
('HD002', 'NV002', 'KH002', '2023-01-05', 200.50),
('HD003', 'NV007', 'KH003', '2023-01-05', 75.80),
('HD004', 'NV003', 'KH004', '2023-01-05', 300.25),
('HD005', 'NV006', 'KH005', '2023-01-06', 125.70),
('HD006', 'NV004', 'KH006', '2023-01-07', 180.90),
('HD007', 'NV009', 'KH007', '2023-01-09', 220.40),
('HD008', 'NV005', 'KH008', '2023-01-09', 90.20),
('HD009', 'NV008', 'KH009', '2023-01-20', 260.75),
('HD010', 'NV007', 'KH010', '2023-01-20', 145.30),
('HD011', 'NV003', 'KH011', '2023-01-20', 380.60),
('HD012', 'NV009', 'KH012', '2023-01-21', 210.00),
('HD013', 'NV002', 'KH013', '2023-01-22', 290.80),
('HD014', 'NV001', 'KH014', '2023-02-01', 185.50),
('HD015', 'NV003', 'KH015', '2023-02-01', 320.20),
('HD016', 'NV005', 'KH016', '2023-02-05', 75.90),
('HD017', 'NV004', 'KH017', '2023-02-06', 410.50),
('HD018', 'NV006', 'KH018', '2023-02-12', 160.40),
('HD019', 'NV007', 'KH019', '2023-02-13', 290.75),
('HD020', 'NV005', 'KH020', '2023-02-15', 135.20),
('HD021', 'NV008', 'KH021', '2023-02-16', 260.60),
('HD022', 'NV004', 'KH022', '2023-02-19', 180.00),
('HD023', 'NV009', 'KH023', '2023-02-19', 310.80),
('HD024', 'NV006', 'KH024', '2023-02-19', 225.50),
('HD025', 'NV005', 'KH025', '2023-02-21', 380.20),
('HD026', 'NV003', 'KH026', '2023-02-22', 95.90),
('HD027', 'NV004', 'KH027', '2023-02-24', 420.50),
('HD028', 'NV007', 'KH028', '2023-02-27', 190.40),
('HD029', 'NV001', 'KH029', '2023-03-01', 350.75),
('HD030', 'NV008', 'KH030', '2023-03-01', 165.20),
('HD031', 'NV003', 'KH031', '2023-03-01', 290.60),
('HD032', 'NV004', 'KH032', '2023-03-02', 210.00),
('HD033', 'NV002', 'KH033', '2023-03-03', 320.80),
('HD034', 'NV001', 'KH034', '2023-03-03', 195.50),
('HD035', 'NV005', 'KH035', '2023-03-03', 380.20),
('HD036', 'NV009', 'KH036', '2023-03-04', 105.90),
('HD037', 'NV006', 'KH037', '2023-03-06', 430.50),
('HD038', 'NV002', 'KH038', '2023-03-08', 200.40),
('HD039', 'NV001', 'KH039', '2023-03-08', 310.75),
('HD040', 'NV005', 'KH040', '2023-03-12', 145.20),
('HD041', 'NV003', 'KH036', '2023-03-13', 290.60),
('HD042', 'NV009', 'KH020', '2023-03-20', 210.00),
('HD043', 'NV002', 'KH010', '2023-03-26', 320.80),
('HD044', 'NV007', 'KH011', '2023-03-30', 225.50),
('HD045', 'NV005', 'KH020', '2023-04-01', 380.20),
('HD046', 'NV003', 'KH007', '2023-04-05', 95.90),
('HD047', 'NV006', 'KH017', '2023-04-05', 420.50),
('HD048', 'NV002', 'KH038', '2023-04-06', 190.40),
('HD049', 'NV008', 'KH029', '2023-04-07', 350.75),
('HD050', 'NV005', 'KH020', '2023-04-10', 165.20),
('HD051', 'NV002', 'KH021', '2023-04-12', 180.30),
('HD052', 'NV006', 'KH039', '2023-04-14', 250.70),
('HD053', 'NV003', 'KH020', '2023-04-14', 310.20),
('HD054', 'NV009', 'KH036', '2023-04-15', 145.90),
('HD055', 'NV001', 'KH018', '2023-04-16', 430.50),
('HD056', 'NV007', 'KH025', '2023-04-18', 200.40),
('HD057', 'NV004', 'KH038', '2023-04-25', 380.75),
('HD058', 'NV005', 'KH004', '2023-04-30', 165.20),
('HD059', 'NV008', 'KH033', '2023-05-01', 320.80),
('HD060', 'NV001', 'KH020', '2023-05-01', 225.50),
('HD061', 'NV002', 'KH034', '2023-05-02', 195.00),
('HD062', 'NV006', 'KH032', '2023-05-04', 380.20),
('HD063', 'NV003', 'KH015', '2023-05-05', 105.90),
('HD064', 'NV009', 'KH028', '2023-05-10', 430.50),
('HD065', 'NV001', 'KH012', '2023-05-11', 200.40),
('HD066', 'NV007', 'KH013', '2023-05-15', 310.75),
('HD067', 'NV004', 'KH010', '2023-05-18', 145.20),
('HD068', 'NV005', 'KH027', '2023-05-20', 290.60),
('HD069', 'NV008', 'KH009', '2023-05-22', 210.00),
('HD070', 'NV006', 'KH019', '2023-05-25', 320.80),
('HD071', 'NV002', 'KH011', '2023-05-25', 195.50),
('HD072', 'NV007', 'KH006', '2023-05-26', 380.20),
('HD073', 'NV004', 'KH014', '2023-05-28', 105.90),
('HD074', 'NV005', 'KH035', '2023-06-01', 430.50),
('HD075', 'NV009', 'KH037', '2023-06-02', 200.40),
('HD076', 'NV001', 'KH016', '2023-06-03', 310.75),
('HD077', 'NV007', 'KH022', '2023-06-03', 145.20),
('HD078', 'NV004', 'KH036', '2023-06-04', 290.60),
('HD079', 'NV005', 'KH031', '2023-06-06', 210.00),
('HD080', 'NV008', 'KH026', '2023-06-07', 320.80),
('HD081', 'NV006', 'KH023', '2023-06-09', 195.50),
('HD082', 'NV002', 'KH030', '2023-06-09', 380.20),
('HD083', 'NV007', 'KH005', '2023-06-09', 105.90),
('HD084', 'NV004', 'KH008', '2023-06-09', 430.50),
('HD085', 'NV005', 'KH007', '2023-06-10', 200.40),
('HD086', 'NV009', 'KH002', '2023-06-12', 310.75),
('HD087', 'NV001', 'KH017', '2023-06-15', 145.20),
('HD088', 'NV007', 'KH040', '2023-06-18', 290.60),
('HD089', 'NV004', 'KH003', '2023-07-01', 210.00),
('HD090', 'NV005', 'KH001', '2023-07-02', 320.80),
('HD091', 'NV006', 'KH015', '2023-07-02', 195.50),
('HD092', 'NV002', 'KH009', '2023-07-07', 380.20),
('HD093', 'NV007', 'KH037', '2023-07-08', 105.90),
('HD094', 'NV004', 'KH008', '2023-07-12', 430.50),
('HD095', 'NV005', 'KH024', '2023-07-12', 200.40),
('HD096', 'NV008', 'KH005', '2023-07-13', 310.75),
('HD097', 'NV006', 'KH003', '2023-07-15', 145.20),
('HD098', 'NV002', 'KH002', '2023-07-16', 290.60),
('HD099', 'NV007', 'KH001', '2023-07-20', 210.00),
('HD100', 'NV004', 'KH021', '2023-07-20', 320.80);


/* BẢNG THUỐC TRONG HOÁ ĐƠN */

CREATE TABLE ThuocTrongHoaDon(
    MaHD VARCHAR(50) NOT NULL FOREIGN KEY REFERENCES HoaDon(MaHD),
	MaThuoc VARCHAR(50) NOT NULL FOREIGN KEY REFERENCES Thuoc(MaThuoc),
	SoLuongBan INT NOT NULL
);

SELECT*FROM ThuocTrongHoaDon
INSERT INTO ThuocTrongHoaDon (MaHD, MaThuoc, SoLuongBan) 
VALUES
('HD001', 'TH001', 10),
('HD001', 'TH002', 5),
('HD001', 'TH003', 3),
('HD002', 'TH001', 8),
('HD002', 'TH004', 2),
('HD002', 'TH005', 7),
('HD002', 'TH002', 6),
('HD003', 'TH003', 4),
('HD004', 'TH006', 1),
('HD004', 'TH007', 12),
('HD004', 'TH008', 3),
('HD004', 'TH009', 9),
('HD004', 'TH001', 15),
('HD005', 'TH003', 5),
('HD005', 'TH010', 2),
('HD006', 'TH004', 8),
('HD006', 'TH011', 6),
('HD006', 'TH001', 4),
('HD007', 'TH001', 7),
('HD007', 'TH008', 3),
('HD007', 'TH013', 10),
('HD008', 'TH001', 9),
('HD008', 'TH003', 2),
('HD008', 'TH014', 5),
('HD009', 'TH011', 5),
('HD009', 'TH012', 5),
('HD009', 'TH015', 3),
('HD010', 'TH005', 7),
('HD010', 'TH009', 3),
('HD010', 'TH016', 1),
('HD011', 'TH011', 10),
('HD011', 'TH014', 2),
('HD011', 'TH017', 7),
('HD012', 'TH006', 4),
('HD012', 'TH010', 6),
('HD012', 'TH018', 8),
('HD013', 'TH012', 9),
('HD013', 'TH015', 1),
('HD013', 'TH019', 5),
('HD014', 'TH008', 3),
('HD014', 'TH020', 6),
('HD014', 'TH021', 2),
('HD015', 'TH014', 12),
('HD015', 'TH017', 4),
('HD015', 'TH022', 7),
('HD016', 'TH016', 5),
('HD016', 'TH001', 5),
('HD016', 'TH023', 3),
('HD017', 'TH021', 7),
('HD017', 'TH024', 3),
('HD017', 'TH025', 10),
('HD018', 'TH013', 4),
('HD018', 'TH016', 7),
('HD018', 'TH026', 2),
('HD019', 'TH019', 8),
('HD019', 'TH021', 3),
('HD019', 'TH027', 5),
('HD020', 'TH022', 6),
('HD020', 'TH025', 4),
('HD020', 'TH028', 3),
('HD021', 'TH029', 10),
('HD021', 'TH030', 2),
('HD021', 'TH031', 6),
('HD022', 'TH032', 12),
('HD022', 'TH024', 3),
('HD022', 'TH033', 9),
('HD023', 'TH035', 15),
('HD023', 'TH026', 5),
('HD023', 'TH037', 2),
('HD024', 'TH016', 8),
('HD024', 'TH038', 6),
('HD024', 'TH039', 4),
('HD025', 'TH014', 7),
('HD025', 'TH032', 3),
('HD025', 'TH040', 10),
('HD026', 'TH033', 9),
('HD026', 'TH036', 1),
('HD026', 'TH041', 5),
('HD027', 'TH015', 3),
('HD027', 'TH019', 7),
('HD027', 'TH042', 3),
('HD028', 'TH037', 10),
('HD028', 'TH041', 2),
('HD028', 'TH043', 7),
('HD029', 'TH032', 4),
('HD029', 'TH039', 6),
('HD029', 'TH044', 8),
('HD030', 'TH030', 9),
('HD030', 'TH041', 2),
('HD030', 'TH045', 5),
('HD031', 'TH042', 12),
('HD031', 'TH046', 4),
('HD031', 'TH047', 7),
('HD032', 'TH048', 5),
('HD032', 'TH050', 5),
('HD032', 'TH001', 3),
('HD033', 'TH027', 7),
('HD033', 'TH044', 3),
('HD033', 'TH049', 10),
('HD034', 'TH042', 5),
('HD034', 'TH043', 5),
('HD034', 'TH050', 3),
('HD035', 'TH046', 7),
('HD035', 'TH048', 3),
('HD035', 'TH001', 10),
('HD036', 'TH027', 4),
('HD036', 'TH019', 7),
('HD036', 'TH022', 2),
('HD037', 'TH013', 8),
('HD037', 'TH004', 3),
('HD037', 'TH027', 5),
('HD038', 'TH048', 6),
('HD038', 'TH031', 4),
('HD038', 'TH028', 3),
('HD039', 'TH015', 10),
('HD039', 'TH030', 2),
('HD039', 'TH026', 6),
('HD040', 'TH022', 12),
('HD040', 'TH006', 3),
('HD040', 'TH016', 9),
('HD041', 'TH047', 15),
('HD041', 'TH037', 5),
('HD041', 'TH039', 2),
('HD042', 'TH003', 8),
('HD042', 'TH008', 6),
('HD042', 'TH010', 4),
('HD043', 'TH019', 7),
('HD043', 'TH027', 3),
('HD043', 'TH002', 10),
('HD044', 'TH019', 9),
('HD044', 'TH001', 1),
('HD044', 'TH003', 5),
('HD044', 'TH011', 3),
('HD045', 'TH002', 7),
('HD045', 'TH004', 3),
('HD046', 'TH015', 10),
('HD046', 'TH013', 2),
('HD046', 'TH044', 7),
('HD047', 'TH036', 4),
('HD047', 'TH049', 6),
('HD047', 'TH007', 8),
('HD048', 'TH027', 9),
('HD048', 'TH004', 2),
('HD048', 'TH022', 5),
('HD049', 'TH049', 12),
('HD049', 'TH032', 4),
('HD049', 'TH028', 7),
('HD050', 'TH025', 5),
('HD050', 'TH046', 5),
('HD050', 'TH017', 3),
('HD051', 'TH023', 3),
('HD051', 'TH025', 5),
('HD051', 'TH041', 2),
('HD052', 'TH012', 6),
('HD052', 'TH018', 4),
('HD052', 'TH048', 7),
('HD053', 'TH041', 5),
('HD053', 'TH046', 2),
('HD053', 'TH047', 3),
('HD054', 'TH021', 7),
('HD054', 'TH038', 3),
('HD054', 'TH050', 10),
('HD055', 'TH015', 3),
('HD055', 'TH020', 7),
('HD055', 'TH042', 5),
('HD056', 'TH019', 8),
('HD056', 'TH028', 3),
('HD056', 'TH044', 5),
('HD057', 'TH032', 4),
('HD057', 'TH040', 6),
('HD057', 'TH048', 8),
('HD058', 'TH035', 9),
('HD058', 'TH042', 2),
('HD058', 'TH045', 5),
('HD059', 'TH016', 10),
('HD059', 'TH031', 4),
('HD059', 'TH027', 7),
('HD060', 'TH021', 5),
('HD060', 'TH043', 3),
('HD060', 'TH050', 10),
('HD061', 'TH049', 7),
('HD061', 'TH038', 2),
('HD061', 'TH022', 5),
('HD062', 'TH039', 9),
('HD062', 'TH043', 1),
('HD062', 'TH002', 5),
('HD063', 'TH027', 10),
('HD063', 'TH028', 2),
('HD063', 'TH044', 6),
('HD064', 'TH043', 3),
('HD064', 'TH050', 5),
('HD064', 'TH021', 12),
('HD065', 'TH036', 7),
('HD065', 'TH044', 3),
('HD065', 'TH025', 10),
('HD066', 'TH024', 5),
('HD066', 'TH027', 3),
('HD066', 'TH031', 6),
('HD067', 'TH024', 12),
('HD067', 'TH049', 4),
('HD067', 'TH002', 7),
('HD068', 'TH045', 5),
('HD068', 'TH046', 5),
('HD068', 'TH016', 3),
('HD069', 'TH029', 7),
('HD069', 'TH031', 3),
('HD069', 'TH023', 10),
('HD070', 'TH043', 4),
('HD070', 'TH035', 7),
('HD070', 'TH049', 2),
('HD071', 'TH042', 8),
('HD071', 'TH042', 3),
('HD071', 'TH032', 5),
('HD072', 'TH032', 10),
('HD072', 'TH035', 2),
('HD072', 'TH026', 6),
('HD073', 'TH046', 12),
('HD073', 'TH023', 3),
('HD073', 'TH045', 9),
('HD074', 'TH038', 15),
('HD074', 'TH041', 5),
('HD074', 'TH022', 2),
('HD075', 'TH041', 8),
('HD075', 'TH049', 3),
('HD075', 'TH050', 5),
('HD076', 'TH043', 6),
('HD076', 'TH049', 4),
('HD076', 'TH004', 3),
('HD077', 'TH045', 10),
('HD077', 'TH042', 2),
('HD077', 'TH024', 7),
('HD078', 'TH025', 4),
('HD078', 'TH027', 3),
('HD078', 'TH035', 2),
('HD079', 'TH039', 10),
('HD079', 'TH045', 2),
('HD079', 'TH047', 6),
('HD080', 'TH042', 12),
('HD080', 'TH023', 4),
('HD080', 'TH024', 7),
('HD081', 'TH041', 5),
('HD081', 'TH048', 5),
('HD081', 'TH032', 3),
('HD082', 'TH038', 7),
('HD082', 'TH042', 3),
('HD082', 'TH041', 5),
('HD083', 'TH044', 4),
('HD083', 'TH050', 6),
('HD083', 'TH047', 8),
('HD084', 'TH049', 9),
('HD084', 'TH045', 2),
('HD084', 'TH040', 5),
('HD085', 'TH046', 12),
('HD085', 'TH044', 3),
('HD085', 'TH047', 7),
('HD086', 'TH046', 5),
('HD086', 'TH050', 5),
('HD086', 'TH048', 3),
('HD087', 'TH022', 10),
('HD087', 'TH025', 2),
('HD087', 'TH049', 6),
('HD088', 'TH050', 5),
('HD088', 'TH021', 5),
('HD088', 'TH033', 3),
('HD089', 'TH041', 7),
('HD089', 'TH024', 3),
('HD089', 'TH049', 2),
('HD090', 'TH046', 10),
('HD090', 'TH045', 1),
('HD090', 'TH021', 5),
('HD091', 'TH040', 4),
('HD091', 'TH028', 6),
('HD091', 'TH043', 8),
('HD092', 'TH030', 9),
('HD092', 'TH046', 2),
('HD092', 'TH033', 5),
('HD093', 'TH032', 12),
('HD093', 'TH036', 4),
('HD093', 'TH039', 7),
('HD094', 'TH036', 5),
('HD094', 'TH047', 5),
('HD094', 'TH027', 3),
('HD095', 'TH041', 7),
('HD095', 'TH043', 3),
('HD095', 'TH022', 10),
('HD096', 'TH041', 5),
('HD096', 'TH022', 3),
('HD096', 'TH037', 6),
('HD097', 'TH038', 12),
('HD097', 'TH022', 4),
('HD097', 'TH048', 7),
('HD098', 'TH042', 5),
('HD098', 'TH050', 5),
('HD098', 'TH023', 3),
('HD099', 'TH023', 7),
('HD099', 'TH039', 3),
('HD099', 'TH031', 10),
('HD100', 'TH043', 5),
('HD100', 'TH045', 5),
('HD100', 'TH049', 3);

